,res,rmse_fit,rmse_pred,participant,testPair
0,"     fun: 0.2190753376251382
     jac: array([-9.29459929e-07, -7.54235312e-04,  1.38150528e-03,  4.66572121e-04,
       -9.23434272e-04, -2.77076289e-03, -1.54318064e-02])
 message: 'Optimization terminated successfully'
    nfev: 1459
     nit: 176
    njev: 176
  status: 0
 success: True
       x: array([ 4.69325426e+02,  1.73541890e-01,  6.65443076e-01,  1.36097966e-01,
       -5.39906951e-01, -1.19259110e+00,  1.49376331e-01])",0.2190753376251382,0.3800879052604525,0xmq6,101_57_
1,"     fun: 0.2327852463536929
     jac: array([-3.85195017e-05, -6.60149381e-04,  1.05352886e-03, -6.72135502e-05,
       -2.41577625e-04, -9.45460051e-04, -4.12438810e-03])
 message: 'Optimization terminated successfully'
    nfev: 851
     nit: 103
    njev: 103
  status: 0
 success: True
       x: array([ 8.5727175 ,  0.14659874,  0.70955755, -0.05662684, -0.21663613,
       -0.68934599,  0.16638381])",0.2327852463536929,0.12134482314994278,0xmq6,64_57_
2,"     fun: 0.22035445799991452
     jac: array([-0.00035819, -0.00128796,  0.00128188, -0.00065214, -0.00040754,
       -0.00023397, -0.00106584])
 message: 'Optimization terminated successfully'
    nfev: 229
     nit: 28
    njev: 28
  status: 0
 success: True
       x: array([ 2.47113923, -0.36383281,  1.29397492, -0.77830024, -0.02720761,
       -0.30765043,  1.15387854])",0.22035445799991452,0.3655313606994356,0xmq6,5_92_
3,"     fun: 0.22881712576078952
     jac: array([ 9.02041793e-05,  1.88635476e-03, -6.70515001e-04,  2.76410952e-04,
        3.14041972e-04,  4.06371430e-04,  3.90112400e-04])
 message: 'Optimization terminated successfully'
    nfev: 582
     nit: 71
    njev: 71
  status: 0
 success: True
       x: array([ 5.87194181, -1.        ,  2.89905765, -2.4944563 , -0.5169296 ,
       -1.79784677,  6.66677775])",0.22881712576078952,0.26813010666955706,0xmq6,5_101_
4,"     fun: 0.22729895601354966
     jac: array([-0.00026434, -0.00029888,  0.00078798, -0.00059893, -0.00045869,
       -0.00012258, -0.00038251])
 message: 'Optimization terminated successfully'
    nfev: 205
     nit: 25
    njev: 25
  status: 0
 success: True
       x: array([ 2.33246663, -0.52651267,  1.13156656, -0.60012661,  0.02257897,
       -0.21223348,  1.07981903])",0.22729895601354966,0.26933628213626004,0xmq6,37_92_
5,"     fun: 0.2319848097850284
     jac: array([ 9.99029726e-05,  3.13371420e-04,  4.98672947e-04, -1.24003738e-04,
       -4.27894294e-04, -1.74809247e-05, -1.56134367e-04])
 message: 'Optimization terminated successfully'
    nfev: 228
     nit: 28
    njev: 28
  status: 0
 success: True
       x: array([ 2.58849676, -0.5797581 ,  1.30164383, -0.79393268, -0.06372123,
       -0.41101026,  1.49015092])",0.2319848097850284,0.1851842744828117,0xmq6,101_92_
6,"     fun: 0.23239096588245547
     jac: array([ 2.44971365e-04,  2.67595053e-04, -5.26925549e-04,  1.72857195e-04,
       -1.26073137e-04,  8.00453126e-05, -2.07696110e-04])
 message: 'Optimization terminated successfully'
    nfev: 414
     nit: 51
    njev: 51
  status: 0
 success: True
       x: array([ 2.29868021, -0.49369782,  0.97414567, -0.5135984 ,  0.1443119 ,
       -0.1436936 ,  0.80978963])",0.23239096588245547,0.19029686773506102,0xmq6,37_57_
7,"     fun: 0.20480351953231712
     jac: array([-7.63684511e-08, -1.30522251e-03,  1.43087916e-02,  2.65060179e-03,
        5.91535307e-03, -5.77225909e-03, -2.68701768e-01])
 message: 'Optimization terminated successfully'
    nfev: 1825
     nit: 221
    njev: 221
  status: 0
 success: True
       x: array([ 1.00000000e+04,  2.67797457e-01,  4.94413703e-01,  8.70214027e-02,
        1.99191045e-01, -2.31644574e-01,  1.79370464e-02])",0.20480351953231712,0.6080860038872943,0xmq6,5_41_
8,"     fun: 0.2318693636002958
     jac: array([ 2.76323408e-05,  4.85833734e-04, -6.99328259e-04,  5.50039113e-05,
        2.30172649e-04,  6.70136884e-04,  3.13119218e-03])
 message: 'Optimization terminated successfully'
    nfev: 799
     nit: 97
    njev: 97
  status: 0
 success: True
       x: array([ 6.2120321 ,  0.16794699,  0.72073749, -0.07645389, -0.18657618,
       -0.63351906,  0.17202627])",0.2318693636002958,0.1455878429959655,0xmq6,37_64_
9,"     fun: 0.22636314591485823
     jac: array([-4.20287251e-05, -3.86241823e-04,  6.58286735e-04, -3.12235206e-05,
       -3.94470990e-05, -5.20905480e-04, -2.17626989e-03])
 message: 'Optimization terminated successfully'
    nfev: 806
     nit: 98
    njev: 98
  status: 0
 success: True
       x: array([ 5.3001754 ,  0.17858622,  0.7363972 , -0.09682492, -0.17035439,
       -0.58670475,  0.17284544])",0.22636314591485823,0.2560618212170479,0xmq6,92_64_
10,"     fun: 0.22490537277400935
     jac: array([ 1.34229660e-04,  3.22034582e-04, -7.49608502e-04,  1.83081254e-04,
       -1.30701810e-05, -6.12810254e-07, -1.71935186e-04])
 message: 'Optimization terminated successfully'
    nfev: 408
     nit: 50
    njev: 50
  status: 0
 success: True
       x: array([ 2.6353618 , -1.        ,  1.05459288, -0.59251016,  0.10903795,
       -0.28297435,  1.5022914 ])",0.22490537277400935,0.31397105638491923,0xmq6,37_101_
11,"     fun: 0.22890568228047156
     jac: array([-5.57014719e-04, -1.42875686e-03,  2.04326399e-03, -4.73581254e-04,
        3.18732113e-04, -8.00620764e-05, -1.96842477e-03])
 message: 'Optimization terminated successfully'
    nfev: 334
     nit: 41
    njev: 41
  status: 0
 success: True
       x: array([ 2.12158588, -0.11076895,  0.95721934, -0.41855665,  0.06016653,
       -0.11807682,  0.46925645])",0.22890568228047156,0.25750572297507596,0xmq6,92_57_
12,"     fun: 0.2067453630516245
     jac: array([-2.72560865e-05, -1.73355266e-03,  2.89180689e-03, -1.44941732e-04,
       -1.42096356e-03, -3.88700329e-03, -2.00260244e-02])
 message: 'Optimization terminated successfully'
    nfev: 939
     nit: 114
    njev: 114
  status: 0
 success: True
       x: array([29.04489331,  0.15284555,  0.66332966, -0.04644126, -0.26983532,
       -0.84772175,  0.14444482])",0.2067453630516245,0.5107398824841453,0xmq6,37_41_
13,"     fun: 0.22440416878470265
     jac: array([-0.00058554, -0.00025655,  0.00097466, -0.00034934,  0.0002204 ,
       -0.00012903, -0.0001075 ])
 message: 'Optimization terminated successfully'
    nfev: 541
     nit: 66
    njev: 66
  status: 0
 success: True
       x: array([ 2.61222154e+00, -1.00000000e+00,  1.17184143e+00, -5.84114462e-01,
       -3.96808189e-04, -2.30290469e-01,  1.69990662e+00])",0.22440416878470265,0.308800844247219,0xmq6,5_64_
14,"     fun: 0.23566487637122954
     jac: array([ 8.26716423e-05, -1.26473606e-06,  5.30108809e-04, -3.61893326e-05,
       -5.24446368e-04,  2.96961516e-05, -3.15349549e-04])
 message: 'Optimization terminated successfully'
    nfev: 212
     nit: 26
    njev: 26
  status: 0
 success: True
       x: array([ 2.24929083, -0.33210194,  1.15306459, -0.62386378, -0.022298  ,
       -0.31524067,  0.96456938])",0.23566487637122954,0.07120831622364489,0xmq6,101_64_
15,"     fun: 0.23259709233494483
     jac: array([-1.90291554e-04, -2.74121761e-04,  3.70612368e-04, -2.61649489e-04,
        1.50445849e-05, -7.27567822e-05, -3.78290191e-04])
 message: 'Optimization terminated successfully'
    nfev: 568
     nit: 70
    njev: 70
  status: 0
 success: True
       x: array([ 2.6935748 , -1.        ,  1.08591623, -0.59281474,  0.09428126,
       -0.20823824,  1.42977144])",0.23259709233494483,0.17489521364610375,0xmq6,64_41_
16,"     fun: 0.07602762201219986
     jac: array([ 2.06716359e-05,  2.46298313e-03, -2.49502994e-03, -5.95125370e-04,
        7.53836706e-04,  2.86480412e-03,  2.23616948e-02])
 message: 'Optimization terminated successfully'
    nfev: 911
     nit: 111
    njev: 111
  status: 0
 success: True
       x: array([18.68216086,  0.69009117,  0.59878515,  0.07166186, -0.15252685,
       -0.64512027,  0.08358278])",0.07602762201219986,0.11788230575774945,19bq6,101_57_
17,"     fun: 0.07999204737462778
     jac: array([-2.59168446e-05, -3.56355868e-03,  4.20112722e-03,  8.83905217e-04,
       -3.28395516e-04, -4.69043478e-03, -4.15275395e-02])
 message: 'Optimization terminated successfully'
    nfev: 1431
     nit: 173
    njev: 173
  status: 0
 success: True
       x: array([23.29799279,  0.7176101 ,  0.6013616 ,  0.03962703, -0.09893267,
       -0.5674798 ,  0.06654182])",0.07999204737462778,0.05466296815001741,19bq6,64_57_
18,"     fun: 0.07962399468540322
     jac: array([ 1.50213018e-05,  6.07894734e-04, -5.64297661e-04,  2.06818804e-05,
        1.73712149e-04,  7.93055631e-04,  5.20047825e-03])
 message: 'Optimization terminated successfully'
    nfev: 1109
     nit: 135
    njev: 135
  status: 0
 success: True
       x: array([ 7.41608351,  0.68705105,  0.6279227 ,  0.02411767, -0.13039404,
       -0.61802831,  0.1019569 ])",0.07962399468540322,0.06695307127087698,19bq6,5_92_
19,"     fun: 0.07967139043859543
     jac: array([-2.44099647e-05, -1.97262410e-03,  1.22966804e-03,  1.27944164e-04,
       -4.65943478e-04, -1.59071386e-03, -9.85461380e-03])
 message: 'Optimization terminated successfully'
    nfev: 1233
     nit: 149
    njev: 149
  status: 0
 success: True
       x: array([11.78361156,  0.68707293,  0.6335492 ,  0.04332617, -0.19763214,
       -0.72635698,  0.11019247])",0.07967139043859543,0.07143425066785766,19bq6,5_101_
20,"     fun: 0.07947362906511302
     jac: array([-3.13157216e-05, -1.81646366e-03,  2.30699219e-03,  5.79906628e-04,
       -1.07267871e-04, -2.26016436e-03, -1.81374541e-02])
 message: 'Optimization terminated successfully'
    nfev: 1026
     nit: 124
    njev: 124
  status: 0
 success: True
       x: array([12.2321279 ,  0.69986201,  0.60545303,  0.03790626, -0.08922136,
       -0.53977836,  0.075181  ])",0.07947362906511302,0.06603764873477388,19bq6,37_92_
21,"     fun: 0.07605056025562891
     jac: array([-1.76168978e-05, -2.34421436e-03,  2.01335549e-03,  1.41585246e-04,
       -4.22252342e-04, -2.35148240e-03, -2.16535563e-02])
 message: 'Optimization terminated successfully'
    nfev: 1199
     nit: 145
    njev: 145
  status: 0
 success: True
       x: array([20.35276655,  0.70873203,  0.60714347,  0.0282182 , -0.09450819,
       -0.55637959,  0.0679961 ])",0.07605056025562891,0.11836081221820847,19bq6,101_92_
22,"     fun: 0.07968209046359073
     jac: array([-5.46202064e-05, -5.19758090e-04, -2.34724954e-04,  1.03554688e-04,
        6.01168722e-06,  6.69807196e-05,  6.44225627e-04])
 message: 'Optimization terminated successfully'
    nfev: 446
     nit: 54
    njev: 54
  status: 0
 success: True
       x: array([ 0.95579736,  0.51107468,  0.75009937, -0.26442972,  0.22727521,
       -0.09343683,  0.34666546])",0.07968209046359073,0.16009494082821557,19bq6,37_57_
23,"     fun: 0.07334095735974584
     jac: array([-9.31322575e-10,  1.72300264e-04,  1.10073946e-03,  4.91234474e-04,
        1.64184719e-04,  2.95369886e-04,  1.57974428e-02])
 message: 'Optimization terminated successfully'
    nfev: 1868
     nit: 226
    njev: 226
  status: 0
 success: True
       x: array([ 1.12152402e+03,  7.26405407e-01,  5.10929307e-01,  7.48302580e-02,
        1.46557252e-01, -2.96212126e-01,  2.17318395e-02])",0.07334095735974584,0.1911230448231308,19bq6,5_41_
24,"     fun: 0.07866677889472423
     jac: array([-2.90544704e-05, -1.18664559e-03,  9.77080315e-04,  2.15009786e-04,
       -3.28125432e-04, -1.38980243e-03, -1.08819539e-02])
 message: 'Optimization terminated successfully'
    nfev: 1070
     nit: 130
    njev: 130
  status: 0
 success: True
       x: array([ 9.77737919,  0.67879205,  0.60529925,  0.03337881, -0.09285378,
       -0.5584273 ,  0.08438577])",0.07866677889472423,0.08414724089278747,19bq6,37_64_
25,"     fun: 0.07784944191044059
     jac: array([-1.71009451e-05, -9.22727399e-04,  6.46159053e-04,  1.69385225e-04,
       -3.48792411e-04, -1.06498692e-03, -6.23199344e-03])
 message: 'Optimization terminated successfully'
    nfev: 907
     nit: 110
    njev: 110
  status: 0
 success: True
       x: array([11.8988223 ,  0.68163631,  0.60278977,  0.08858634, -0.17897474,
       -0.67781668,  0.10090536])",0.07784944191044059,0.09995406722045044,19bq6,92_64_
26,"     fun: 0.079190735694471
     jac: array([-3.47169116e-05, -3.35361902e-03,  4.24215104e-03,  1.04712415e-03,
       -2.33991072e-04, -4.15573269e-03, -3.40303890e-02])
 message: 'Optimization terminated successfully'
    nfev: 1262
     nit: 152
    njev: 152
  status: 0
 success: True
       x: array([16.83525538,  0.70361632,  0.60676043,  0.04033781, -0.10633758,
       -0.5675168 ,  0.07302314])",0.079190735694471,0.07273647984703828,19bq6,37_101_
27,"     fun: 0.08084653802709628
     jac: array([-6.20651990e-05, -4.69041523e-03,  4.22928855e-03,  8.08100216e-04,
       -3.47131863e-04, -3.90629843e-03, -3.04131350e-02])
 message: 'Optimization terminated successfully'
    nfev: 1110
     nit: 135
    njev: 135
  status: 0
 success: True
       x: array([ 9.97061281,  0.69487512,  0.60849911,  0.03592506, -0.09653676,
       -0.55456316,  0.08216008])",0.08084653802709628,0.019894045381920585,19bq6,92_57_
28,"     fun: 0.07623264628279502
     jac: array([-1.72341242e-05, -4.34242096e-03,  4.12530266e-03,  4.43740748e-04,
       -1.19016040e-03, -5.46973478e-03, -4.86926623e-02])
 message: 'Optimization terminated successfully'
    nfev: 1017
     nit: 124
    njev: 124
  status: 0
 success: True
       x: array([ 3.95694629e+01,  7.05255822e-01,  5.96128462e-01,  3.04128966e-02,
       -1.32628122e-01, -6.48347457e-01,  7.03552556e-02])",0.07623264628279502,0.12646099117024476,19bq6,37_41_
29,"     fun: 0.07733481573341744
     jac: array([ 9.52742994e-06,  7.79294409e-04, -8.99560750e-04, -1.26156956e-04,
        8.02548602e-05,  5.04587777e-04,  3.97890247e-03])
 message: 'Optimization terminated successfully'
    nfev: 987
     nit: 118
    njev: 118
  status: 0
 success: True
       x: array([ 6.73313929,  0.67299388,  0.60907403,  0.04698007, -0.10560461,
       -0.55985146,  0.09566445])",0.07733481573341744,0.10134815642410602,19bq6,5_64_
30,"     fun: 0.07928417452689031
     jac: array([-2.49082223e-05, -1.49385538e-03,  1.35343429e-03,  1.44832768e-04,
       -5.16034663e-04, -1.26040448e-03, -1.14887822e-02])
 message: 'Optimization terminated successfully'
    nfev: 834
     nit: 102
    njev: 102
  status: 0
 success: True
       x: array([11.31079648,  0.68921805,  0.60620023,  0.03534905, -0.1006303 ,
       -0.56927745,  0.08189546])",0.07928417452689031,0.06994144335781982,19bq6,101_64_
31,"     fun: 0.07989252459684802
     jac: array([-5.24232164e-05, -2.23653018e-03,  1.81954354e-03,  3.05249356e-04,
       -5.19196503e-04, -2.06980295e-03, -1.38135115e-02])
 message: 'Optimization terminated successfully'
    nfev: 1005
     nit: 122
    njev: 122
  status: 0
 success: True
       x: array([ 8.05812519,  0.68984764,  0.61178521,  0.05793768, -0.13057396,
       -0.58880942,  0.09429796])",0.07989252459684802,0.05943093166299492,19bq6,64_41_
32,"     fun: 0.11590269440425402
     jac: array([-2.28165649e-04, -1.71247777e-03,  7.58809969e-04, -1.99420378e-04,
        9.45301726e-05,  1.79777853e-04, -8.64471309e-04])
 message: 'Optimization terminated successfully'
    nfev: 338
     nit: 42
    njev: 42
  status: 0
 success: True
       x: array([ 2.21018897,  0.4645498 ,  2.16139505, -0.77388928,  0.12053484,
        0.36137492,  1.05123344])",0.11590269440425402,0.15066609190838817,1z0ca,101_57_
33,"     fun: 0.12119745361494824
     jac: array([-0.00023325, -0.00282586,  0.00089983, -0.00023639,  0.00030102,
        0.00024802, -0.00113474])
 message: 'Optimization terminated successfully'
    nfev: 400
     nit: 49
    njev: 49
  status: 0
 success: True
       x: array([ 2.30748954,  0.49039822,  2.17507203, -0.71933465,  0.08590614,
        0.38013315,  0.9722678 ])",0.12119745361494824,0.02832747090619574,1z0ca,64_57_
34,"     fun: 0.11577712715803674
     jac: array([-4.35542315e-05, -3.35918739e-04,  1.77669339e-04,  3.41795385e-07,
       -2.21794471e-05,  9.74787399e-05, -1.76726840e-04])
 message: 'Optimization terminated successfully'
    nfev: 576
     nit: 71
    njev: 71
  status: 0
 success: True
       x: array([ 4.18011949,  0.46227395,  3.37263111, -1.24899732,  0.121943  ,
        0.13637506,  2.02912224])",0.11577712715803674,0.15272752143393095,1z0ca,5_92_
35,"     fun: 0.10786740921324744
     jac: array([ 1.19643100e-03,  4.25179861e-03, -1.68347172e-03,  4.70406376e-04,
       -7.88457692e-05, -1.56571157e-04,  1.02946255e-03])
 message: 'Optimization terminated successfully'
    nfev: 464
     nit: 57
    njev: 57
  status: 0
 success: True
       x: array([ 1.39995453,  0.26605785,  2.05780151, -0.64841825,  0.14493394,
        0.20880856,  1.81522002])",0.10786740921324744,0.23757976535060749,1z0ca,5_101_
36,"     fun: 0.11867913057496393
     jac: array([-2.12419778e-04, -2.79493164e-03,  1.00578927e-03, -4.64834273e-04,
       -1.49756670e-05,  8.59070569e-05, -8.05319287e-04])
 message: 'Optimization terminated successfully'
    nfev: 659
     nit: 81
    njev: 81
  status: 0
 success: True
       x: array([ 4.36514321,  0.40254685,  3.77062877, -1.41501614,  0.01455255,
        0.14579099,  2.76082748])",0.11867913057496393,0.10432468523896113,1z0ca,37_92_
37,"     fun: 0.1188722762561082
     jac: array([-7.04741105e-05, -2.12745927e-03,  8.25877301e-04, -2.85423361e-04,
        1.41039491e-05,  1.07448548e-04, -9.35748219e-04])
 message: 'Optimization terminated successfully'
    nfev: 656
     nit: 80
    njev: 80
  status: 0
 success: True
       x: array([ 7.07869062,  0.4837494 ,  3.25489877, -1.25163773, -0.14416301,
        0.44654765,  1.58775171])",0.1188722762561082,0.10089332202904674,1z0ca,101_92_
38,"     fun: 0.11967531028546641
     jac: array([-7.77700916e-05, -1.30325556e-03,  3.41041014e-04, -3.32353637e-04,
       -5.26094809e-05,  4.50061634e-05, -3.65525484e-04])
 message: 'Optimization terminated successfully'
    nfev: 605
     nit: 74
    njev: 74
  status: 0
 success: True
       x: array([ 4.36111296,  0.37839105,  3.55614022, -1.70096159,  0.23602873,
        0.05295421,  2.75905413])",0.11967531028546641,0.0887651447498858,1z0ca,37_57_
39,"     fun: 0.11670994817511347
     jac: array([-1.46896578e-04, -1.81694981e-03,  5.43457456e-04, -3.23652290e-04,
        8.34092498e-06, -6.49113208e-05, -4.03787941e-04])
 message: 'Optimization terminated successfully'
    nfev: 546
     nit: 67
    njev: 67
  status: 0
 success: True
       x: array([ 3.78721998,  0.32843904,  3.86077181, -1.52001365, -0.03975765,
        0.06901487,  3.42879083])",0.11670994817511347,0.13881738633567434,1z0ca,5_41_
40,"     fun: 0.11978200493983121
     jac: array([-1.28593296e-04, -1.12042669e-03,  5.38676977e-04, -1.29817054e-05,
       -2.89084390e-04,  1.41862780e-04, -5.10022976e-04])
 message: 'Optimization terminated successfully'
    nfev: 349
     nit: 43
    njev: 43
  status: 0
 success: True
       x: array([ 3.33116889,  0.46573806,  2.7584892 , -0.90042153, -0.10756594,
        0.38927295,  1.42452164])",0.11978200493983121,0.08163153837098239,1z0ca,37_64_
41,"     fun: 0.11925855680910401
     jac: array([-2.72979960e-05, -1.44124962e-04,  2.47666612e-05,  1.05211511e-04,
        1.59960240e-04,  1.02682970e-04,  2.73631886e-05])
 message: 'Optimization terminated successfully'
    nfev: 443
     nit: 55
    njev: 55
  status: 0
 success: True
       x: array([ 3.39525167,  0.49996078,  2.55644015, -0.87645018, -0.00421753,
        0.39505653,  1.15313018])",0.11925855680910401,0.09345280327801879,1z0ca,92_64_
42,"     fun: 0.11129505042090831
     jac: array([-4.31439839e-04, -2.37314496e-03,  1.11954100e-03, -9.44770873e-05,
       -9.62987542e-06,  6.41767867e-04, -1.21529959e-03])
 message: 'Optimization terminated successfully'
    nfev: 306
     nit: 38
    njev: 38
  status: 0
 success: True
       x: array([ 2.16440546,  0.48819535,  1.94453745, -0.41371628, -0.04268866,
        0.56577344,  0.77312064])",0.11129505042090831,0.20812008497501955,1z0ca,37_101_
43,"     fun: 0.11947622951553387
     jac: array([ 7.82869756e-06,  1.12692546e-03, -2.96207145e-04,  2.87614763e-04,
       -3.10434960e-04, -2.08243728e-05,  4.04096209e-04])
 message: 'Optimization terminated successfully'
    nfev: 315
     nit: 39
    njev: 39
  status: 0
 success: True
       x: array([ 3.18406515,  0.46810378,  2.63760053, -0.80862863, -0.12901689,
        0.46318545,  1.31355077])",0.11947622951553387,0.09068175167483682,1z0ca,92_57_
44,"     fun: 0.11609148084945306
     jac: array([-1.07940286e-06, -7.60300085e-04,  8.26415606e-04, -1.31504610e-04,
        1.75777823e-05,  1.64525956e-03, -1.52294701e-02])
 message: 'Optimization terminated successfully'
    nfev: 1292
     nit: 157
    njev: 157
  status: 0
 success: True
       x: array([2.02240104e+02, 5.99095915e-01, 9.73360050e-01, 3.67151584e-02,
       8.61258767e-02, 6.34445655e-01, 7.20664813e-02])",0.11609148084945306,0.14056386475028687,1z0ca,37_41_
45,"     fun: 0.12001151825703947
     jac: array([ 1.96574256e-05,  1.69228110e-03, -3.51727940e-04,  3.38210724e-04,
       -2.51963735e-04,  1.16555020e-04,  4.30134125e-04])
 message: 'Optimization terminated successfully'
    nfev: 438
     nit: 54
    njev: 54
  status: 0
 success: True
       x: array([ 5.0868824 ,  0.45261008,  3.53073729, -1.32125387,  0.01054198,
        0.24117032,  2.12085828])",0.12001151825703947,0.07532047771658634,1z0ca,5_64_
46,"     fun: 0.11954070098412578
     jac: array([-2.63326801e-04, -3.94584332e-03,  1.25622749e-03, -2.44196504e-04,
       -4.71230596e-05,  2.91655771e-04, -1.50013436e-03])
 message: 'Optimization terminated successfully'
    nfev: 423
     nit: 52
    njev: 52
  status: 0
 success: True
       x: array([ 2.67747702,  0.5063329 ,  2.34410229, -0.68249314, -0.03430248,
        0.42999239,  1.01414274])",0.11954070098412578,0.08947868366470492,1z0ca,101_64_
47,"     fun: 0.1180054377290167
     jac: array([-1.81215815e-04,  8.58182088e-04,  4.00980935e-05,  4.79483046e-04,
       -3.94107774e-05,  3.81243415e-04,  5.69440424e-04])
 message: 'Optimization terminated successfully'
    nfev: 439
     nit: 54
    njev: 54
  status: 0
 success: True
       x: array([ 2.67637153,  0.55901797,  1.75695612, -0.27777049, -0.09900747,
        0.55559224,  0.48766727])",0.1180054377290167,0.12402252946308093,1z0ca,64_41_
48,"     fun: 0.23515647676226561
     jac: array([-0.00030594, -0.00043392,  0.00123807, -0.00014438,  0.00032581,
        0.00038921, -0.00100119])
 message: 'Optimization terminated successfully'
    nfev: 301
     nit: 37
    njev: 37
  status: 0
 success: True
       x: array([ 2.959179  , -1.        ,  0.81549868, -0.11137374,  0.24918334,
        0.31973023,  0.65307218])",0.23515647676226561,0.09849751188272338,37o95,101_57_
49,"     fun: 0.2329914085697364
     jac: array([-1.18268654e-04, -5.56204468e-05,  3.18938866e-04,  2.01143324e-04,
       -3.93763185e-06,  4.92855906e-05, -1.28097832e-04])
 message: 'Optimization terminated successfully'
    nfev: 588
     nit: 72
    njev: 72
  status: 0
 success: True
       x: array([ 2.81666114, -1.        ,  0.8616355 , -0.11540988,  0.22256073,
        0.33501475,  0.75935034])",0.2329914085697364,0.16575879787858744,37o95,64_57_
50,"     fun: 0.2270232108735384
     jac: array([-0.00111791, -0.00181593,  0.00341822, -0.00038884,  0.0010516 ,
        0.00141734, -0.0028307 ])
 message: 'Optimization terminated successfully'
    nfev: 279
     nit: 34
    njev: 34
  status: 0
 success: True
       x: array([ 2.88273854, -1.        ,  0.83878971, -0.11382045,  0.24106114,
        0.33018483,  0.70442787])",0.2270232108735384,0.2734492801588291,37o95,5_92_
51,"     fun: 0.23370331565532254
     jac: array([-3.54379416e-04, -4.13345173e-04,  1.08526275e-03,  1.34613365e-05,
        6.82696700e-05,  3.07768583e-04, -6.12504780e-04])
 message: 'Optimization terminated successfully'
    nfev: 588
     nit: 72
    njev: 72
  status: 0
 success: True
       x: array([ 2.65742551, -1.        ,  0.94328307, -0.16378348,  0.224756  ,
        0.33930155,  0.9588202 ])",0.23370331565532254,0.16745269895979825,37o95,5_101_
52,"     fun: 0.22608760566602484
     jac: array([-6.83739781e-05,  2.23442912e-04,  9.18004662e-05, -8.86563212e-05,
        1.44787133e-04,  4.57242131e-05, -8.61082226e-05])
 message: 'Optimization terminated successfully'
    nfev: 529
     nit: 64
    njev: 64
  status: 0
 success: True
       x: array([ 3.18145282, -1.        ,  0.79358433, -0.07119361,  0.23748199,
        0.35060767,  0.56521414])",0.22608760566602484,0.3073463232033632,37o95,37_92_
53,"     fun: 0.23383120859106152
     jac: array([ 1.78884715e-04,  4.94316220e-04,  5.70286065e-05,  6.23701140e-04,
       -9.37953591e-05, -6.71401620e-04,  4.04937193e-04])
 message: 'Optimization terminated successfully'
    nfev: 581
     nit: 70
    njev: 70
  status: 0
 success: True
       x: array([ 2.89235295, -1.        ,  0.84209734, -0.1191004 ,  0.23482794,
        0.32682859,  0.70416773])",0.23383120859106152,0.14128085002554958,37o95,101_92_
54,"     fun: 0.2298135214041665
     jac: array([-0.00027849, -0.00023402,  0.00126045,  0.00023982,  0.0004458 ,
       -0.00012005, -0.00068061])
 message: 'Optimization terminated successfully'
    nfev: 756
     nit: 92
    njev: 92
  status: 0
 success: True
       x: array([ 2.88654345, -1.        ,  0.84092715, -0.14414798,  0.24764759,
        0.3123306 ,  0.71156407])",0.2298135214041665,0.23204963722045635,37o95,37_57_
55,"     fun: 0.22804503898675213
     jac: array([-0.00085785, -0.00244794,  0.00694926,  0.00027728,  0.00459184,
        0.00343364, -0.01269329])
 message: 'Optimization terminated successfully'
    nfev: 384
     nit: 47
    njev: 47
  status: 0
 success: True
       x: array([ 4.30448581, -1.        ,  0.59967381,  0.0369855 ,  0.40481675,
        0.26213042,  0.30672263])",0.22804503898675213,0.5414409055265025,37o95,5_41_
56,"     fun: 0.2297103616102313
     jac: array([-1.20302662e-04, -1.01022422e-04,  2.80419365e-04, -4.12445515e-05,
        7.17584044e-05,  1.46361068e-04, -2.46964395e-04])
 message: 'Optimization terminated successfully'
    nfev: 491
     nit: 60
    njev: 60
  status: 0
 success: True
       x: array([ 2.8017323 , -1.        ,  0.84578575, -0.10656772,  0.23052445,
        0.32919912,  0.75012399])",0.2297103616102313,0.23702499834260704,37o95,37_64_
57,"     fun: 0.22763964474120024
     jac: array([ 0.00021923,  0.00047236, -0.00099579,  0.00016657, -0.00055462,
       -0.00072435,  0.0014983 ])
 message: 'Optimization terminated successfully'
    nfev: 275
     nit: 34
    njev: 34
  status: 0
 success: True
       x: array([ 2.33507543, -0.20194496,  0.85401747, -0.11968049,  0.21212867,
        0.32735636,  0.39034181])",0.22763964474120024,0.28138036615633993,37o95,92_64_
58,"     fun: 0.22702154565905464
     jac: array([-0.00103583, -0.00178998,  0.00337285, -0.00051236,  0.00102418,
        0.00122122, -0.00260998])
 message: 'Optimization terminated successfully'
    nfev: 553
     nit: 67
    njev: 67
  status: 0
 success: True
       x: array([ 2.89605812, -1.        ,  0.85187336, -0.12387711,  0.22797689,
        0.33252842,  0.71314056])",0.22702154565905464,0.2740118246878788,37o95,37_101_
59,"     fun: 0.23359236979932516
     jac: array([-0.00079514, -0.00124625,  0.00228903, -0.00025725,  0.00074349,
        0.00096653, -0.00173079])
 message: 'Optimization terminated successfully'
    nfev: 731
     nit: 89
    njev: 89
  status: 0
 success: True
       x: array([ 2.80793834, -1.        ,  0.8504953 , -0.13155045,  0.24204583,
        0.31109844,  0.75043929])",0.23359236979932516,0.1535108288383254,37o95,92_57_
60,"     fun: 0.2136253518700217
     jac: array([-0.00110547, -0.00159006,  0.00373716, -0.00095243,  0.00090666,
        0.00085368, -0.0024607 ])
 message: 'Optimization terminated successfully'
    nfev: 621
     nit: 76
    njev: 76
  status: 0
 success: True
       x: array([ 2.79156344, -1.        ,  0.9098858 , -0.25229511,  0.20612898,
        0.27170757,  0.85806466])",0.2136253518700217,0.4500077334167359,37o95,37_41_
61,"     fun: 0.23144527286763517
     jac: array([-1.55121088e-05, -3.73665243e-05,  2.07716599e-04, -2.93552876e-04,
       -6.23930246e-05,  2.25044787e-04, -1.45271420e-04])
 message: 'Optimization terminated successfully'
    nfev: 338
     nit: 41
    njev: 41
  status: 0
 success: True
       x: array([ 2.62616425, -0.88441814,  0.94092698, -0.23525662,  0.24461504,
        0.29978819,  0.86131515])",0.23144527286763517,0.2248072109998854,37o95,5_64_
62,"     fun: 0.2309029402099299
     jac: array([-0.0002001 , -0.00011306,  0.00041626, -0.00023086,  0.00011136,
        0.00044378, -0.000439  ])
 message: 'Optimization terminated successfully'
    nfev: 914
     nit: 111
    njev: 111
  status: 0
 success: True
       x: array([ 2.90297343, -1.        ,  0.86706148, -0.17992572,  0.23988584,
        0.30401418,  0.72800001])",0.2309029402099299,0.22546216717842524,37o95,101_64_
63,"     fun: 0.2321802023266045
     jac: array([-8.52216035e-05, -1.19879842e-05,  1.94787979e-04, -2.82835215e-04,
       -6.63492829e-05,  6.39166683e-05, -2.36345455e-04])
 message: 'Optimization terminated successfully'
    nfev: 696
     nit: 85
    njev: 85
  status: 0
 success: True
       x: array([ 2.86142197, -1.        ,  0.84390177, -0.11056315,  0.22627389,
        0.33138304,  0.71927774])",0.2321802023266045,0.18397534314678626,37o95,64_41_
64,"     fun: 0.2029537475660855
     jac: array([-6.02006912e-06, -1.60863064e-03,  1.37806498e-03, -3.12363729e-04,
       -1.40147284e-04, -3.57536413e-03, -1.89863797e-02])
 message: 'Optimization terminated successfully'
    nfev: 935
     nit: 114
    njev: 114
  status: 0
 success: True
       x: array([81.441778  ,  0.33338227,  0.68121065, -0.09038243, -0.32871786,
       -0.87609616,  0.11110127])",0.2029537475660855,0.3352950317903123,3l6s4,101_57_
65,"     fun: 0.2156484143206272
     jac: array([-0.00013055, -0.00174848,  0.00286989, -0.00038646, -0.00015   ,
       -0.00197981, -0.01208781])
 message: 'Optimization terminated successfully'
    nfev: 643
     nit: 79
    njev: 79
  status: 0
 success: True
       x: array([ 4.68675079,  0.32066784,  0.68999914, -0.17386238, -0.08216512,
       -0.46077929,  0.12401867])",0.2156484143206272,0.052140470764815476,3l6s4,64_57_
66,"     fun: 0.21176167600676807
     jac: array([ 1.69072300e-05,  5.69878146e-04, -8.04347917e-04,  6.55110925e-05,
        2.38386914e-04,  4.58173454e-04,  3.89479473e-03])
 message: 'Optimization terminated successfully'
    nfev: 925
     nit: 112
    njev: 112
  status: 0
 success: True
       x: array([ 6.07188058,  0.31089083,  0.6640801 , -0.12983426, -0.09323821,
       -0.47982061,  0.11178685])",0.21176167600676807,0.1819054603233503,3l6s4,5_92_
67,"     fun: 0.20774237625533407
     jac: array([-1.55344605e-06,  1.41900033e-04,  5.28581440e-05,  5.63170761e-05,
       -1.14217401e-05,  1.21701509e-04,  5.17196953e-04])
 message: 'Optimization terminated successfully'
    nfev: 929
     nit: 113
    njev: 113
  status: 0
 success: True
       x: array([20.9922891 ,  0.34853031,  0.80802836, -0.31196429, -0.34150418,
       -0.92851704,  0.18044335])",0.20774237625533407,0.2807994720058006,3l6s4,5_101_
68,"     fun: 0.21358750502011453
     jac: array([ 1.57784671e-05,  3.32968310e-04, -4.40204516e-04,  1.08480453e-04,
        1.14416704e-04,  3.68919224e-04,  2.40735151e-03])
 message: 'Optimization terminated successfully'
    nfev: 949
     nit: 115
    njev: 115
  status: 0
 success: True
       x: array([ 4.88479837,  0.3104935 ,  0.68786231, -0.17091944, -0.09494891,
       -0.48599495,  0.12751079])",0.21358750502011453,0.13359626037751257,3l6s4,37_92_
69,"     fun: 0.20822894233138223
     jac: array([-7.15479255e-05, -1.31186284e-03,  2.09428556e-03, -4.11322340e-04,
       -4.74490225e-05, -1.62208825e-03, -1.03925243e-02])
 message: 'Optimization terminated successfully'
    nfev: 725
     nit: 88
    njev: 88
  status: 0
 success: True
       x: array([ 6.20312527,  0.3221943 ,  0.69352582, -0.18455418, -0.08266579,
       -0.47078959,  0.11359565])",0.20822894233138223,0.24232441391319193,3l6s4,101_92_
70,"     fun: 0.20782244718676346
     jac: array([-1.16325915e-04, -1.65345334e-03,  2.43810192e-03, -1.11119635e-03,
        7.08485022e-04,  4.58788127e-05, -9.63407569e-03])
 message: 'Optimization terminated successfully'
    nfev: 930
     nit: 113
    njev: 113
  status: 0
 success: True
       x: array([ 4.41178082,  0.30332036,  0.70998542, -0.34499508,  0.21380457,
       -0.0463412 ,  0.12552677])",0.20782244718676346,0.3487044639068901,3l6s4,37_57_
71,"     fun: 0.2057685582609259
     jac: array([-6.51925802e-08, -2.17659213e-03,  1.35339014e-02,  3.24420817e-03,
        6.97628595e-03, -3.90760787e-03, -2.87840433e-01])
 message: 'Optimization terminated successfully'
    nfev: 1969
     nit: 237
    njev: 237
  status: 0
 success: True
       x: array([ 8.58447978e+03,  3.87246549e-01,  5.07095409e-01,  3.90709479e-02,
        2.37205292e-01, -1.63360695e-01,  1.72262544e-02])",0.2057685582609259,0.47291728703230607,3l6s4,5_41_
72,"     fun: 0.2085287809901708
     jac: array([-1.53761357e-05, -3.44607979e-05, -4.74229455e-06, -6.27655536e-05,
        6.56023622e-05, -4.48897481e-05,  7.38538802e-06])
 message: 'Optimization terminated successfully'
    nfev: 717
     nit: 87
    njev: 87
  status: 0
 success: True
       x: array([ 4.18470293,  0.34166754,  0.69652159, -0.16838249, -0.11167448,
       -0.48643948,  0.1331922 ])",0.2085287809901708,0.24678890160157604,3l6s4,37_64_
73,"     fun: 0.21335331672917662
     jac: array([-9.92044806e-05, -1.41357072e-03,  2.10232101e-03, -3.08906659e-04,
       -1.25989318e-04, -1.61409937e-03, -9.00629722e-03])
 message: 'Optimization terminated successfully'
    nfev: 706
     nit: 86
    njev: 86
  status: 0
 success: True
       x: array([ 4.94678983,  0.30420857,  0.68370976, -0.16208254, -0.0950241 ,
       -0.48674499,  0.12670161])",0.21335331672917662,0.14003285383305103,3l6s4,92_64_
74,"     fun: 0.20880639893546524
     jac: array([-6.78747892e-06,  9.15303826e-05, -1.24884769e-04, -3.42335552e-05,
        1.55270100e-05, -2.54306942e-05,  3.03087756e-04])
 message: 'Optimization terminated successfully'
    nfev: 589
     nit: 72
    njev: 72
  status: 0
 success: True
       x: array([ 4.99374655,  0.30768436,  0.68383199, -0.17181896, -0.09212035,
       -0.49164303,  0.12745619])",0.20880639893546524,0.23094676544074408,3l6s4,37_101_
75,"     fun: 0.211488511259479
     jac: array([-1.19963661e-04, -1.30679272e-03,  2.11390108e-03, -2.34097242e-04,
        5.52106649e-05, -1.48165040e-03, -7.62974471e-03])
 message: 'Optimization terminated successfully'
    nfev: 606
     nit: 74
    njev: 74
  status: 0
 success: True
       x: array([ 4.04737215,  0.3035448 ,  0.68635622, -0.16946457, -0.08319813,
       -0.46451051,  0.13442156])",0.211488511259479,0.18481429722832457,3l6s4,92_57_
76,"     fun: 0.21305572944389542
     jac: array([-1.13939866e-04, -9.10528004e-04,  1.10609457e-03, -2.54917890e-04,
        1.52308494e-05, -5.93855977e-04, -3.68171930e-03])
 message: 'Optimization terminated successfully'
    nfev: 809
     nit: 98
    njev: 98
  status: 0
 success: True
       x: array([ 2.58140593,  0.28597064,  0.71035538, -0.17187405, -0.0438765 ,
       -0.34631026,  0.14889578])",0.21305572944389542,0.16508871922877263,3l6s4,37_41_
77,"     fun: 0.2059748560488613
     jac: array([-0.00036814, -0.00239984,  0.00019476, -0.00031243,  0.00025203,
       -0.00055694, -0.00146054])
 message: 'Optimization terminated successfully'
    nfev: 663
     nit: 80
    njev: 80
  status: 0
 success: True
       x: array([ 2.13671571,  0.14678741,  0.63845178, -0.02132092,  0.01017832,
       -0.15319322,  0.15040658])",0.2059748560488613,0.3513885995270484,3l6s4,5_64_
78,"     fun: 0.20539662882901602
     jac: array([-0.0001164 , -0.0025462 ,  0.00416468, -0.00071261, -0.00024169,
       -0.00348675, -0.02134787])
 message: 'Optimization terminated successfully'
    nfev: 770
     nit: 94
    njev: 94
  status: 0
 success: True
       x: array([ 7.16296136,  0.30194529,  0.68703782, -0.18052677, -0.09723625,
       -0.51258778,  0.11588317])",0.20539662882901602,0.2862335114346874,3l6s4,101_64_
79,"     fun: 0.2087892613380936
     jac: array([-2.58926302e-05, -5.46308234e-04,  7.47164711e-04, -1.51695684e-04,
       -4.77936119e-05, -5.39565459e-04, -3.62323411e-03])
 message: 'Optimization terminated successfully'
    nfev: 639
     nit: 78
    njev: 78
  status: 0
 success: True
       x: array([ 7.22368284,  0.33044671,  0.68717947, -0.18485084, -0.07735345,
       -0.48369162,  0.10783471])",0.2087892613380936,0.23364645523218225,3l6s4,64_41_
80,"     fun: 0.0514655240894543
     jac: array([-1.26638869e-03, -6.95025362e-03,  3.59089579e-04, -8.51764344e-05,
        1.18309492e-03,  1.13059860e-03, -5.90288918e-03])
 message: 'Optimization terminated successfully'
    nfev: 543
     nit: 65
    njev: 65
  status: 0
 success: True
       x: array([ 0.4564239 ,  0.87967958, -0.11851946, -0.08814915,  0.55790931,
        0.2719102 ,  0.07795723])",0.0514655240894543,0.10809426668175467,46vpz,101_57_
81,"     fun: 0.0524613454481463
     jac: array([-8.06725584e-05,  8.98929778e-04,  1.56666152e-04,  4.06163279e-04,
       -1.57324597e-04, -9.35588032e-05,  1.78897753e-05])
 message: 'Optimization terminated successfully'
    nfev: 72
     nit: 9
    njev: 9
  status: 0
 success: True
       x: array([0.55358568, 0.90447688, 0.28784061, 0.50005557, 0.89028307,
       0.89623246, 0.1575807 ])",0.0524613454481463,0.10109613384807432,46vpz,64_57_
82,"     fun: 0.05662278951118302
     jac: array([-5.55246137e-04, -1.56456046e-03,  2.86928844e-04, -8.64290632e-05,
        1.32732559e-04,  2.51219608e-04, -1.94037799e-04])
 message: 'Optimization terminated successfully'
    nfev: 287
     nit: 35
    njev: 35
  status: 0
 success: True
       x: array([ 0.17532583,  0.88722833,  0.06448526, -0.61528841,  1.54776302,
        0.53749973,  0.6315508 ])",0.05662278951118302,0.03909354432159278,46vpz,5_92_
83,"     fun: 0.055200314533711686
     jac: array([-2.22954387e-03, -4.18847147e-03,  3.00376210e-04, -1.42210629e-04,
        2.79610045e-04,  7.76164234e-05, -2.81308778e-04])
 message: 'Optimization terminated successfully'
    nfev: 215
     nit: 26
    njev: 26
  status: 0
 success: True
       x: array([ 0.10749314,  0.88529384,  0.13888538, -0.61461693,  1.27628947,
        0.38858682,  0.64121533])",0.055200314533711686,0.06600166599296403,46vpz,5_101_
84,"     fun: 0.056528629667469604
     jac: array([-0.0010495 , -0.00495275,  0.0003076 , -0.00013027,  0.00031322,
        0.00033754, -0.00042892])
 message: 'Optimization terminated successfully'
    nfev: 248
     nit: 30
    njev: 30
  status: 0
 success: True
       x: array([ 0.1690959 ,  0.885823  ,  0.05930922, -0.52645256,  1.54750768,
        0.54907178,  0.64467071])",0.056528629667469604,0.041301851033469755,46vpz,37_92_
85,"     fun: 0.05572584030595459
     jac: array([-4.53264453e-04, -1.76540529e-03,  2.34130304e-04, -5.82779758e-05,
        1.21191610e-04,  2.25560274e-04, -1.85437035e-04])
 message: 'Optimization terminated successfully'
    nfev: 270
     nit: 33
    njev: 33
  status: 0
 success: True
       x: array([ 0.18004503,  0.88683655,  0.06827077, -0.64618682,  1.58680388,
        0.61191728,  0.65545442])",0.05572584030595459,0.058295065708526037,46vpz,101_92_
86,"     fun: 0.05634613350310749
     jac: array([-2.29952857e-05, -3.98484524e-04,  2.31564045e-05,  7.25570135e-05,
        4.99580055e-05,  1.98325142e-05, -1.95280649e-04])
 message: 'Optimization terminated successfully'
    nfev: 136
     nit: 17
    njev: 17
  status: 0
 success: True
       x: array([0.6129144 , 0.90024681, 0.24402734, 0.17938128, 0.98009649,
       0.99975371, 0.10319791])",0.05634613350310749,0.05069941413384572,46vpz,37_57_
87,"     fun: 0.05452810923918234
     jac: array([ 1.82177266e-03,  6.77919155e-03, -2.41310336e-05, -2.29706056e-04,
       -1.49081228e-03,  8.92924145e-05,  1.15542114e-03])
 message: 'Optimization terminated successfully'
    nfev: 540
     nit: 66
    njev: 66
  status: 0
 success: True
       x: array([ 0.48948608,  0.76384803, -0.17322634,  0.22336066,  1.51586922,
       -0.00565636,  0.93654431])",0.05452810923918234,0.10354945370572627,46vpz,5_41_
88,"     fun: 0.05659730660536669
     jac: array([-0.00093661, -0.00142927,  0.00046676, -0.00012595,  0.00025878,
        0.00042631, -0.00034333])
 message: 'Optimization terminated successfully'
    nfev: 245
     nit: 30
    njev: 30
  status: 0
 success: True
       x: array([ 0.16858789,  0.88349969,  0.14248722, -0.51507029,  1.47305346,
        0.43643553,  0.62730139])",0.05659730660536669,0.03918750222650469,46vpz,37_64_
89,"     fun: 0.05518449156496939
     jac: array([-6.18238002e-04, -1.76032167e-03,  3.01198568e-04, -5.57014719e-05,
        1.73847191e-04,  2.99146865e-04, -2.66969670e-04])
 message: 'Optimization terminated successfully'
    nfev: 252
     nit: 31
    njev: 31
  status: 0
 success: True
       x: array([ 0.16396542,  0.87880603,  0.17560299, -0.74664059,  1.35209608,
        0.49412223,  0.65475207])",0.05518449156496939,0.06785501801964737,46vpz,92_64_
90,"     fun: 0.0563628263495723
     jac: array([-7.73179345e-04, -1.74442818e-03,  3.48022673e-04, -8.01878050e-05,
        2.09754333e-04,  3.43314838e-04, -2.87747942e-04])
 message: 'Optimization terminated successfully'
    nfev: 247
     nit: 30
    njev: 30
  status: 0
 success: True
       x: array([ 0.18027226,  0.88641228,  0.10507746, -0.55774892,  1.56960298,
        0.52978458,  0.64452103])",0.0563628263495723,0.04512019038522978,46vpz,37_101_
91,"     fun: 0.05615700870712679
     jac: array([ 4.23751771e-08,  1.81632489e-03, -8.35396349e-07,  9.06176865e-06,
       -1.04634091e-05, -8.15186650e-06,  1.06813852e-04])
 message: 'Optimization terminated successfully'
    nfev: 144
     nit: 18
    njev: 18
  status: 0
 success: True
       x: array([0.61507851, 0.90095187, 0.24819631, 0.16036415, 0.97792953,
       1.01122863, 0.10067668])",0.05615700870712679,0.053767634947817194,46vpz,92_57_
92,"     fun: 0.056672129503708264
     jac: array([-0.00075003, -0.0023185 ,  0.00038923, -0.0001152 ,  0.00022648,
        0.0004178 , -0.00032808])
 message: 'Optimization terminated successfully'
    nfev: 270
     nit: 33
    njev: 33
  status: 0
 success: True
       x: array([ 0.18104838,  0.88528887,  0.08548776, -0.43919945,  1.56930799,
        0.52029006,  0.63059118])",0.056672129503708264,0.03743939058808227,46vpz,37_41_
93,"     fun: 0.05634009732858108
     jac: array([-6.81303907e-04, -2.27303756e-03,  2.86228023e-04, -8.45124014e-05,
        1.88067555e-04,  3.38234473e-04, -2.36465130e-04])
 message: 'Optimization terminated successfully'
    nfev: 293
     nit: 36
    njev: 36
  status: 0
 success: True
       x: array([ 0.16086808,  0.88989963, -0.05436176, -0.3030661 ,  1.51325549,
        0.57186053,  0.56909808])",0.05634009732858108,0.04530503276360538,46vpz,5_64_
94,"     fun: 0.0568339115669538
     jac: array([-0.00069088, -0.00147077,  0.00043092, -0.00010468,  0.00019746,
        0.00043129, -0.00028324])
 message: 'Optimization terminated successfully'
    nfev: 270
     nit: 33
    njev: 33
  status: 0
 success: True
       x: array([ 0.17736255,  0.88476563,  0.11028795, -0.49539121,  1.50877186,
        0.46435837,  0.61579872])",0.0568339115669538,0.03255037652895213,46vpz,101_64_
95,"     fun: 0.05608546519429507
     jac: array([-0.00086592, -0.00256346,  0.00040313, -0.00010151,  0.00025177,
        0.00043295, -0.00037054])
 message: 'Optimization terminated successfully'
    nfev: 244
     nit: 30
    njev: 30
  status: 0
 success: True
       x: array([ 0.1800855 ,  0.88442688,  0.12371102, -0.49484263,  1.55761781,
        0.51033118,  0.63986228])",0.05608546519429507,0.05088092938085857,46vpz,64_41_
96,"     fun: 0.2607782518249154
     jac: array([-6.40749931e-07, -1.32572651e-03,  1.09988488e-02,  2.23557279e-03,
       -3.41578200e-03, -9.42349061e-03, -3.68003625e-01])
 message: 'Optimization terminated successfully'
    nfev: 1182
     nit: 142
    njev: 142
  status: 0
 success: True
       x: array([ 5.38023162e+02,  5.22333593e-01,  3.56191127e-01, -1.73227172e-03,
       -2.24835000e-01, -1.39231088e-01,  6.06426540e-03])",0.2607782518249154,0.27192442007392853,520tj,101_57_
97,"     fun: 0.2592022411097552
     jac: array([-3.99984419e-05,  4.11383808e-04, -2.68071890e-05,  7.31647015e-06,
        2.19564885e-04, -1.39337033e-04, -8.91312957e-05])
 message: 'Optimization terminated successfully'
    nfev: 398
     nit: 49
    njev: 49
  status: 0
 success: True
       x: array([ 2.1209288 , -1.        ,  0.84057402, -0.52416125,  0.26954215,
       -0.13900705,  1.82810957])",0.2592022411097552,0.43037176246465514,520tj,64_57_
98,"     fun: 0.2601774913029303
     jac: array([-5.21540642e-08, -2.97397375e-04,  5.39937243e-03,  1.49536878e-03,
        2.81313062e-03, -2.79813260e-03, -1.12982456e-01])
 message: 'Optimization terminated successfully'
    nfev: 1278
     nit: 156
    njev: 156
  status: 0
 success: True
       x: array([ 1.00000000e+04,  5.40000744e-01,  6.41151874e-01,  4.20556789e-02,
       -7.69955393e-04, -1.56904017e-01,  1.58020365e-02])",0.2601774913029303,0.28693311308386055,520tj,5_92_
99,"     fun: 0.2702431354408598
     jac: array([-8.25054944e-04, -1.37881935e-03,  1.02780387e-03, -3.00936401e-04,
        5.20627946e-04,  9.23871994e-05, -6.46162778e-04])
 message: 'Optimization terminated successfully'
    nfev: 422
     nit: 52
    njev: 52
  status: 0
 success: True
       x: array([ 1.96410561, -1.        ,  0.75720504, -0.34227002,  0.28500212,
       -0.07724684,  1.8852547 ])",0.2702431354408598,0.26080964620904534,520tj,5_101_
100,"     fun: 0.2714234879127928
     jac: array([-2.21423805e-04, -5.66881150e-04,  3.93878669e-04, -6.23725355e-05,
       -1.10205263e-04, -1.60273165e-04, -4.65784222e-04])
 message: 'Optimization terminated successfully'
    nfev: 265
     nit: 33
    njev: 33
  status: 0
 success: True
       x: array([ 0.90005295,  0.26731563,  0.8984921 , -0.38694048, -0.06736271,
       -0.37963218,  0.5258883 ])",0.2714234879127928,0.24633531641501502,520tj,37_92_
101,"     fun: 0.2617877436441599
     jac: array([-2.83122063e-07,  5.46928495e-04,  5.22710383e-03,  2.16901675e-03,
       -7.18228519e-04, -5.94672188e-03, -2.18577050e-01])
 message: 'Optimization terminated successfully'
    nfev: 1338
     nit: 161
    njev: 161
  status: 0
 success: True
       x: array([ 7.91345089e+02,  5.23064654e-01,  3.61353815e-01,  1.03200176e-03,
       -2.23287659e-01, -1.47758316e-01,  6.11715020e-03])",0.2617877436441599,0.2537208529444001,520tj,101_92_
102,"     fun: 0.26233993943381767
     jac: array([ 7.45058060e-09, -4.94074076e-04, -2.27881595e-03,  1.57522038e-03,
        1.24227256e-03,  1.42574310e-03,  4.73187938e-02])
 message: 'Optimization terminated successfully'
    nfev: 1179
     nit: 143
    njev: 143
  status: 0
 success: True
       x: array([ 8.41537474e+02,  5.26204415e-01,  3.71414931e-01,  2.95977182e-05,
       -2.10858846e-01, -1.39832760e-01,  6.06126567e-03])",0.26233993943381767,0.2412705294076651,520tj,37_57_
103,"     fun: 0.2610664306031056
     jac: array([ 6.66454434e-06,  4.74192202e-04,  2.40061432e-04,  2.79955566e-04,
       -5.51439822e-04,  5.84609807e-05,  1.98524445e-04])
 message: 'Optimization terminated successfully'
    nfev: 321
     nit: 39
    njev: 39
  status: 0
 success: True
       x: array([ 3.18520656, -1.        ,  0.45682914,  0.07003191,  0.53644069,
        0.1254766 ,  0.40563631])",0.2610664306031056,0.7440514660600464,520tj,5_41_
104,"     fun: 0.2576818613584144
     jac: array([-8.53091478e-07, -5.44376671e-05,  6.33301213e-03,  1.89143792e-03,
        1.09952316e-03, -4.83568013e-03, -3.72760870e-01])
 message: 'Optimization terminated successfully'
    nfev: 1154
     nit: 139
    njev: 139
  status: 0
 success: True
       x: array([ 2.43654021e+02,  5.49656540e-01,  3.07764678e-01, -4.91420718e-02,
       -2.07181734e-01, -1.20860214e-02,  2.61479326e-03])",0.2576818613584144,0.31954987092188664,520tj,37_64_
105,"     fun: 0.2704110826788014
     jac: array([-2.50136852e-03, -3.44281644e-03,  2.75084004e-03, -1.26904622e-03,
        8.54425132e-04,  7.79181719e-05, -1.14872679e-03])
 message: 'Optimization terminated successfully'
    nfev: 472
     nit: 58
    njev: 58
  status: 0
 success: True
       x: array([ 1.79705762, -0.73339133,  0.83149076, -0.42621224,  0.24268622,
       -0.02050956,  1.50381743])",0.2704110826788014,0.2703560710476506,520tj,92_64_
106,"     fun: 0.2561520083056998
     jac: array([-2.75671482e-07, -3.04926187e-04,  9.01851803e-04,  1.74639747e-03,
        1.03082135e-03, -2.87802145e-03, -8.86759050e-02])
 message: 'Optimization terminated successfully'
    nfev: 1134
     nit: 137
    njev: 137
  status: 0
 success: True
       x: array([ 4.57152834e+02,  5.18116530e-01,  3.49498085e-01, -1.41273695e-03,
       -2.31594392e-01, -1.41604878e-01,  6.14683057e-03])",0.2561520083056998,0.34286692451678985,520tj,37_101_
107,"     fun: 0.2673894795780762
     jac: array([-1.82539225e-07, -6.90147281e-04,  2.05556303e-03,  6.96547329e-04,
       -1.59438699e-04, -1.84476376e-03, -7.81160593e-02])
 message: 'Optimization terminated successfully'
    nfev: 1237
     nit: 150
    njev: 150
  status: 0
 success: True
       x: array([ 5.57721763e+02,  5.30267018e-01,  3.65307083e-01, -6.68203856e-03,
       -2.08110786e-01, -1.21874440e-01,  5.70542604e-03])",0.2673894795780762,0.10476347265575188,520tj,92_57_
108,"     fun: 0.2638181133194889
     jac: array([-8.65042210e-04, -8.92177224e-04,  2.39301473e-04,  2.34246254e-05,
       -1.13178045e-04, -4.01850790e-04, -8.09140503e-04])
 message: 'Optimization terminated successfully'
    nfev: 261
     nit: 32
    njev: 32
  status: 0
 success: True
       x: array([ 1.02354946,  0.12502762,  0.85685679, -0.47447755,  0.01427067,
       -0.29248922,  0.67479111])",0.2638181133194889,0.36935423684735763,520tj,37_41_
109,"     fun: 0.2636286595624321
     jac: array([-1.22934580e-07, -6.03124499e-05,  3.27647477e-03,  5.41102141e-04,
        1.11909211e-03, -5.79199195e-03, -2.01532386e-01])
 message: 'Optimization terminated successfully'
    nfev: 1547
     nit: 185
    njev: 185
  status: 0
 success: True
       x: array([ 1.52142714e+03,  5.43089938e-01,  3.54534352e-01, -1.00770030e-01,
       -2.00709642e-01, -1.76741561e-01,  5.48026338e-03])",0.2636286595624321,0.297296571998038,520tj,5_64_
110,"     fun: 0.25733667427895546
     jac: array([-3.57627869e-07, -1.97682530e-04,  2.82307342e-03,  1.03160739e-03,
       -2.13954598e-04, -1.93374231e-03, -1.38436336e-01])
 message: 'Optimization terminated successfully'
    nfev: 1200
     nit: 144
    njev: 144
  status: 0
 success: True
       x: array([ 2.57477913e+02,  5.39650430e-01,  3.06007477e-01, -4.33805399e-02,
       -2.17107560e-01, -3.08635994e-02,  2.84333790e-03])",0.25733667427895546,0.32011555326228425,520tj,101_64_
111,"     fun: 0.26104547011188367
     jac: array([-6.29574060e-07, -1.09739602e-04,  4.68679518e-03,  2.29969993e-03,
        1.83182582e-03, -4.21805680e-03, -3.49061433e-01])
 message: 'Optimization terminated successfully'
    nfev: 1023
     nit: 123
    njev: 123
  status: 0
 success: True
       x: array([ 2.73063302e+02,  5.51586406e-01,  3.01957177e-01, -5.24041404e-02,
       -2.08641062e-01, -4.57806694e-03,  2.37823265e-03])",0.26104547011188367,0.26960225189400727,520tj,64_41_
112,"     fun: 0.16651483282480728
     jac: array([ 0.00023902,  0.00219591, -0.00108829,  0.00040561, -0.00013693,
        0.00017816,  0.00130329])
 message: 'Optimization terminated successfully'
    nfev: 550
     nit: 67
    njev: 67
  status: 0
 success: True
       x: array([ 3.3357176 , -1.        ,  0.74836067, -0.33527781,  0.25764113,
        0.24683334,  0.58585619])",0.16651483282480728,0.20892450690614323,6r8qk,101_57_
113,"     fun: 0.16892200210591574
     jac: array([ 0.00060914,  0.00295617, -0.0021226 ,  0.00114011, -0.0008258 ,
       -0.00082469,  0.00206788])
 message: 'Optimization terminated successfully'
    nfev: 509
     nit: 62
    njev: 62
  status: 0
 success: True
       x: array([ 3.134169  , -1.        ,  0.78380323, -0.37375454,  0.23192306,
        0.24980544,  0.68999173])",0.16892200210591574,0.16049515680145926,6r8qk,64_57_
114,"     fun: 0.16604761188026015
     jac: array([-0.00085319, -0.00017308,  0.00317376, -0.00127508,  0.00107943,
        0.00132004, -0.00229055])
 message: 'Optimization terminated successfully'
    nfev: 624
     nit: 76
    njev: 76
  status: 0
 success: True
       x: array([ 3.12367342, -1.        ,  0.82537532, -0.43362651,  0.22484826,
        0.25148393,  0.76255309])",0.16604761188026015,0.20806135461601355,6r8qk,5_92_
115,"     fun: 0.17185476838267413
     jac: array([-1.57050788e-04,  1.47088617e-03,  6.98888674e-04, -7.60480762e-05,
        1.10963359e-04,  2.93925405e-06, -3.70746478e-04])
 message: 'Optimization terminated successfully'
    nfev: 693
     nit: 85
    njev: 85
  status: 0
 success: True
       x: array([ 3.13642647, -1.        ,  0.80422152, -0.40958117,  0.22713553,
        0.24115404,  0.72330244])",0.17185476838267413,0.08195406164136164,6r8qk,5_101_
116,"     fun: 0.16543678593356534
     jac: array([-0.00123136, -0.00086349,  0.0043435 , -0.00214906,  0.00112211,
        0.00111553, -0.00418128])
 message: 'Optimization terminated successfully'
    nfev: 412
     nit: 50
    njev: 50
  status: 0
 success: True
       x: array([ 3.24668743, -1.        ,  0.78549339, -0.35172855,  0.22561656,
        0.26494811,  0.64066083])",0.16543678593356534,0.22019946098435564,6r8qk,37_92_
117,"     fun: 0.1701756083989162
     jac: array([ 2.23444775e-04,  2.00330094e-03, -6.59352168e-04,  2.80141830e-04,
       -2.61329114e-05, -3.19780782e-04,  5.78768551e-04])
 message: 'Optimization terminated successfully'
    nfev: 460
     nit: 56
    njev: 56
  status: 0
 success: True
       x: array([ 3.21204411, -1.        ,  0.80094767, -0.389744  ,  0.2231746 ,
        0.25467417,  0.68341545])",0.1701756083989162,0.13516526942414273,6r8qk,101_92_
118,"     fun: 0.17243559829556665
     jac: array([-0.00051241,  0.00041175,  0.00225901, -0.00116705,  0.00030205,
        0.00051755, -0.00199809])
 message: 'Optimization terminated successfully'
    nfev: 439
     nit: 54
    njev: 54
  status: 0
 success: True
       x: array([ 3.18424744, -1.        ,  0.79964362, -0.4119813 ,  0.23181192,
        0.23797502,  0.70572693])",0.17243559829556665,0.06076151246094411,6r8qk,37_57_
119,"     fun: 0.1652921928821473
     jac: array([ 1.31610781e-04,  2.38170847e-03, -8.70306045e-04,  8.58390704e-04,
        3.06967646e-04, -4.49586660e-05,  7.35441223e-04])
 message: 'Optimization terminated successfully'
    nfev: 785
     nit: 95
    njev: 95
  status: 0
 success: True
       x: array([ 7.30301236, -1.        ,  1.89931301, -1.88923102, -0.71232726,
        0.37786883,  2.58464005])",0.1652921928821473,0.4976668266383176,6r8qk,5_41_
120,"     fun: 0.16658238724399033
     jac: array([-0.00048024,  0.00078788,  0.00151245, -0.00069886,  0.00041748,
        0.00101724, -0.00128696])
 message: 'Optimization terminated successfully'
    nfev: 510
     nit: 62
    njev: 62
  status: 0
 success: True
       x: array([ 3.21449678, -1.        ,  0.81219421, -0.41445331,  0.22518499,
        0.2432417 ,  0.70419458])",0.16658238724399033,0.19930445451536855,6r8qk,37_64_
121,"     fun: 0.16149557044013577
     jac: array([-1.94577500e-04,  9.50759277e-04,  4.90566716e-04, -1.58820301e-04,
        3.85601074e-04,  1.29174441e-05, -2.36526132e-04])
 message: 'Optimization terminated successfully'
    nfev: 596
     nit: 73
    njev: 73
  status: 0
 success: True
       x: array([ 2.9349307 , -1.        ,  0.84698039, -0.46823581,  0.19723498,
        0.22394877,  0.8948634 ])",0.16149557044013577,0.2773538198224087,6r8qk,92_64_
122,"     fun: 0.1688088389915087
     jac: array([-0.00094267, -0.00031883,  0.00368327, -0.00156042,  0.00053244,
        0.00095648, -0.00294824])
 message: 'Optimization terminated successfully'
    nfev: 437
     nit: 53
    njev: 53
  status: 0
 success: True
       x: array([ 3.15730181, -1.        ,  0.80340461, -0.39271007,  0.2207723 ,
        0.25077488,  0.70507285])",0.1688088389915087,0.15853292518853146,6r8qk,37_101_
123,"     fun: 0.16776520870848483
     jac: array([-0.00100188, -0.00042721,  0.00389271, -0.00156574,  0.00118997,
        0.0014649 , -0.00342017])
 message: 'Optimization terminated successfully'
    nfev: 582
     nit: 71
    njev: 71
  status: 0
 success: True
       x: array([ 3.20536491, -1.        ,  0.80075663, -0.3873516 ,  0.22019751,
        0.25759584,  0.68401246])",0.16776520870848483,0.18056983578233843,6r8qk,92_57_
124,"     fun: 0.17233177113118883
     jac: array([ 0.00023068,  0.00203091, -0.00056456,  0.00051904, -0.00014898,
       -0.00022783,  0.00061039])
 message: 'Optimization terminated successfully'
    nfev: 415
     nit: 51
    njev: 51
  status: 0
 success: True
       x: array([ 3.14886884, -1.        ,  0.80388316, -0.40342793,  0.22697796,
        0.24342151,  0.71532692])",0.17233177113118883,0.06203418721347242,6r8qk,37_41_
125,"     fun: 0.17271304211417388
     jac: array([-1.54618174e-04,  1.48943625e-03,  2.36770138e-04, -7.05309212e-05,
        2.27818266e-04, -1.27755105e-04,  3.45166773e-05])
 message: 'Optimization terminated successfully'
    nfev: 432
     nit: 53
    njev: 53
  status: 0
 success: True
       x: array([ 3.11800533, -1.        ,  0.82321889, -0.44745168,  0.22334311,
        0.23461624,  0.76992946])",0.17271304211417388,0.0467409234157591,6r8qk,5_64_
126,"     fun: 0.16825685985154917
     jac: array([-0.0007337 ,  0.00033242,  0.00279726, -0.00128324,  0.00049295,
        0.00063808, -0.00215624])
 message: 'Optimization terminated successfully'
    nfev: 745
     nit: 91
    njev: 91
  status: 0
 success: True
       x: array([ 3.19005659, -1.        ,  0.820301  , -0.44325702,  0.22346202,
        0.23386376,  0.73610073])",0.16825685985154917,0.17211711441928101,6r8qk,101_64_
127,"     fun: 0.17060452190240577
     jac: array([-0.00128885, -0.00060215,  0.00439934, -0.00208288,  0.0013655 ,
        0.0014308 , -0.00371641])
 message: 'Optimization terminated successfully'
    nfev: 646
     nit: 78
    njev: 78
  status: 0
 success: True
       x: array([ 3.1712776 , -1.        ,  0.80010516, -0.4024755 ,  0.22762546,
        0.24131053,  0.70284725])",0.17060452190240577,0.11896774762235182,6r8qk,64_41_
128,"     fun: 0.03510019816841868
     jac: array([-8.63755122e-05,  4.12282534e-04, -3.67825385e-04,  3.99680808e-04,
       -1.45519152e-05, -2.40920577e-04,  5.25650103e-04])
 message: 'Optimization terminated successfully'
    nfev: 220
     nit: 27
    njev: 27
  status: 0
 success: True
       x: array([ 2.48419615e-01,  5.08037781e-01,  1.72222922e-01,  4.43862023e-04,
        6.50160054e-01, -4.09505150e-02,  1.71020551e-01])",0.03510019816841868,0.029251956408126428,6yaxg,101_57_
129,"     fun: 0.03541470925927683
     jac: array([-1.47529505e-03, -4.00524028e-03,  6.05484471e-04,  1.80011149e-04,
        6.21944666e-04,  9.01045278e-05, -1.79269258e-03])
 message: 'Optimization terminated successfully'
    nfev: 278
     nit: 34
    njev: 34
  status: 0
 success: True
       x: array([0.27498939, 0.5065193 , 0.20876716, 0.02777073, 0.58170401,
       0.01745986, 0.14339628])",0.03541470925927683,0.022191983832853104,6yaxg,64_57_
130,"     fun: 0.0347501447318827
     jac: array([-2.31783558e-03, -9.19680391e-03,  9.37257893e-04, -7.92248175e-05,
        1.79972313e-03,  2.92803161e-05, -4.38200217e-03])
 message: 'Optimization terminated successfully'
    nfev: 262
     nit: 32
    njev: 32
  status: 0
 success: True
       x: array([2.51332225e-01, 5.06303501e-01, 2.37169004e-01, 3.22603587e-05,
       5.65132479e-01, 2.35028864e-03, 1.50027348e-01])",0.0347501447318827,0.036123247501978,6yaxg,5_92_
131,"     fun: 0.035759736894206674
     jac: array([ 0.00058079,  0.00263088, -0.00047681,  0.00020173, -0.00084144,
       -0.00022629,  0.00187346])
 message: 'Optimization terminated successfully'
    nfev: 220
     nit: 27
    njev: 27
  status: 0
 success: True
       x: array([ 0.23806643,  0.50626305,  0.15596117,  0.00353032,  0.65382249,
       -0.05405046,  0.17958679])",0.035759736894206674,0.008108722871604062,6yaxg,5_101_
132,"     fun: 0.03530747907781058
     jac: array([-1.16892625e-04, -1.52089819e-03,  9.54703428e-05, -5.26640099e-04,
        8.27498734e-05, -7.40117393e-05, -4.00283840e-04])
 message: 'Optimization terminated successfully'
    nfev: 197
     nit: 24
    njev: 24
  status: 0
 success: True
       x: array([ 0.26099034,  0.50953859,  0.15691639, -0.02093766,  0.66442425,
       -0.07390247,  0.1697383 ])",0.03530747907781058,0.026072917502055395,6yaxg,37_92_
133,"     fun: 0.03502134993087325
     jac: array([-1.08256470e-03, -5.18019311e-03, -3.99909914e-06,  1.40392222e-05,
        8.36321153e-04, -2.25361902e-04, -1.83470920e-03])
 message: 'Optimization terminated successfully'
    nfev: 221
     nit: 27
    njev: 27
  status: 0
 success: True
       x: array([ 0.24717811,  0.50785808,  0.15568584,  0.00394707,  0.65931656,
       -0.06777863,  0.17589059])",0.03502134993087325,0.031299924245541885,6yaxg,101_92_
134,"     fun: 0.03547007221748435
     jac: array([-1.27372798e-04, -7.11937435e-04, -3.91275156e-04,  1.75685622e-04,
        2.14030501e-04,  1.15091912e-04,  1.73519365e-05])
 message: 'Optimization terminated successfully'
    nfev: 190
     nit: 23
    njev: 23
  status: 0
 success: True
       x: array([ 0.24646751,  0.50991684,  0.16540701,  0.04537123,  0.6357489 ,
       -0.05001343,  0.16082463])",0.03547007221748435,0.021877883655704315,6yaxg,37_57_
135,"     fun: 0.03470406317209249
     jac: array([ 1.08189881e-03,  2.07371451e-03, -7.61481933e-05,  1.79141294e-04,
       -1.86748803e-04, -2.01812945e-05,  3.94122675e-04])
 message: 'Optimization terminated successfully'
    nfev: 312
     nit: 38
    njev: 38
  status: 0
 success: True
       x: array([0.35579233, 0.36119131, 0.26271197, 0.03376449, 0.61150209,
       0.03183653, 0.45927247])",0.03470406317209249,0.05388478907066223,6yaxg,5_41_
136,"     fun: 0.034638988505205484
     jac: array([-1.85467396e-03, -6.08527567e-03,  7.58867711e-04,  4.65558842e-05,
        1.19683659e-03, -5.27012162e-05, -3.33724916e-03])
 message: 'Optimization terminated successfully'
    nfev: 301
     nit: 37
    njev: 37
  status: 0
 success: True
       x: array([ 0.27156147,  0.50819985,  0.2232023 , -0.0129549 ,  0.58423191,
       -0.03286195,  0.14169733])",0.034638988505205484,0.03788247819020623,6yaxg,37_64_
137,"     fun: 0.03146123108940213
     jac: array([-4.11516521e-04, -2.55446089e-03,  5.77863771e-04,  7.52736814e-05,
        6.61141705e-04, -1.54109206e-04, -2.00330140e-03])
 message: 'Optimization terminated successfully'
    nfev: 420
     nit: 51
    njev: 51
  status: 0
 success: True
       x: array([ 0.48066097,  0.51508641,  0.28594711, -0.01109271,  0.58793277,
       -0.02926919,  0.10389126])",0.03146123108940213,0.07253806283277311,6yaxg,92_64_
138,"     fun: 0.03236806688198932
     jac: array([-8.88962299e-04, -4.32829605e-03,  2.09626742e-04, -2.26753764e-05,
        8.65153037e-04, -3.86112370e-05, -1.52444234e-03])
 message: 'Optimization terminated successfully'
    nfev: 191
     nit: 23
    njev: 23
  status: 0
 success: True
       x: array([ 0.24814828,  0.51007817,  0.19071796, -0.02628306,  0.65000538,
       -0.04121971,  0.16755823])",0.03236806688198932,0.06399389081227494,6yaxg,37_101_
139,"     fun: 0.035618336357222995
     jac: array([-4.83416952e-04, -4.16942872e-04, -1.97940506e-04,  2.93476041e-04,
        7.16536306e-05, -1.22156460e-04,  3.29837203e-04])
 message: 'Optimization terminated successfully'
    nfev: 229
     nit: 28
    njev: 28
  status: 0
 success: True
       x: array([ 0.25310286,  0.50714052,  0.16275537,  0.0104042 ,  0.64806464,
       -0.05687967,  0.17089295])",0.035618336357222995,0.01592332031722703,6yaxg,92_57_
140,"     fun: 0.03463138863761412
     jac: array([ 1.49626564e-03,  2.05447525e-03, -2.05369666e-04,  1.32602639e-04,
       -4.32971865e-06,  3.62060964e-04,  2.41524074e-04])
 message: 'Optimization terminated successfully'
    nfev: 296
     nit: 36
    njev: 36
  status: 0
 success: True
       x: array([ 0.1770915 ,  0.47699384,  0.0656661 , -0.17556953,  0.65777822,
       -0.14500427,  0.4048458 ])",0.03463138863761412,0.04313581235732412,6yaxg,37_41_
141,"     fun: 0.03575121579025756
     jac: array([-0.00031496,  0.000114  , -0.00019351,  0.00030765, -0.00010117,
       -0.00010284,  0.00049658])
 message: 'Optimization terminated successfully'
    nfev: 212
     nit: 26
    njev: 26
  status: 0
 success: True
       x: array([ 0.24300121,  0.50646951,  0.1863578 ,  0.00085718,  0.62223419,
       -0.03826671,  0.16706801])",0.03575121579025756,0.006977572064380492,6yaxg,5_64_
142,"     fun: 0.035206800388726575
     jac: array([-7.27856532e-05, -3.16724647e-04, -2.61995010e-04, -2.70029530e-04,
       -4.79528680e-05, -5.19631431e-05,  3.07205133e-04])
 message: 'Optimization terminated successfully'
    nfev: 181
     nit: 22
    njev: 22
  status: 0
 success: True
       x: array([ 0.24297793,  0.51215517,  0.15184692, -0.08546385,  0.67355653,
       -0.09257914,  0.17197552])",0.035206800388726575,0.030342262441156422,6yaxg,101_64_
143,"     fun: 0.03485719699635149
     jac: array([ 1.56881660e-03,  2.68925168e-03, -5.24715986e-04, -5.10775484e-04,
       -3.58454883e-04,  2.66442075e-05,  1.26027130e-03])
 message: 'Optimization terminated successfully'
    nfev: 165
     nit: 20
    njev: 20
  status: 0
 success: True
       x: array([ 0.21705475,  0.50764013,  0.14050764,  0.024838  ,  0.64264116,
       -0.01973308,  0.1879923 ])",0.03485719699635149,0.03639693258429525,6yaxg,64_41_
144,"     fun: 0.20862567537810892
     jac: array([-2.51889229e-04, -1.20041892e-04,  6.39159232e-04, -1.83880329e-05,
        3.79791483e-04,  3.48519534e-04, -7.92372972e-04])
 message: 'Optimization terminated successfully'
    nfev: 455
     nit: 56
    njev: 56
  status: 0
 success: True
       x: array([ 2.108754  , -1.        ,  0.46156817, -0.10416862,  0.23489281,
        0.21565139,  0.535362  ])",0.20862567537810892,0.08700707090792376,7df33,101_57_
145,"     fun: 0.20888952370288769
     jac: array([-4.96804714e-05,  2.26128846e-04,  5.92751428e-04,  4.44488600e-04,
        2.38960609e-04,  2.82252207e-04, -3.93982977e-04])
 message: 'Optimization terminated successfully'
    nfev: 450
     nit: 55
    njev: 55
  status: 0
 success: True
       x: array([ 2.10256919, -1.        ,  0.46253245, -0.10850727,  0.23432413,
        0.2103679 ,  0.53812668])",0.20888952370288769,0.07606053939761774,7df33,64_57_
146,"     fun: 0.20802816776457797
     jac: array([-0.00051777, -0.00045505,  0.00141305, -0.00014998,  0.00053455,
        0.00032288, -0.00119749])
 message: 'Optimization terminated successfully'
    nfev: 465
     nit: 57
    njev: 57
  status: 0
 success: True
       x: array([ 2.15064188, -1.        ,  0.45846405, -0.09616091,  0.24462423,
        0.20964542,  0.51207982])",0.20802816776457797,0.10878710698142201,7df33,5_92_
147,"     fun: 0.20717302140670385
     jac: array([-0.00192846, -0.00236089,  0.00298909, -0.00079951,  0.00148134,
        0.0014462 , -0.00237137])
 message: 'Optimization terminated successfully'
    nfev: 410
     nit: 50
    njev: 50
  status: 0
 success: True
       x: array([ 2.02421335, -1.        ,  0.44409709, -0.10899525,  0.24598589,
        0.20679332,  0.57868674])",0.20717302140670385,0.14305399240489694,7df33,5_101_
148,"     fun: 0.20353947570447034
     jac: array([ 0.00039823,  0.00073497,  0.0010376 , -0.000252  ,  0.0006768 ,
        0.0007433 , -0.00079276])
 message: 'Optimization terminated successfully'
    nfev: 190
     nit: 23
    njev: 23
  status: 0
 success: True
       x: array([ 2.15760586, -0.78636628,  0.4757364 , -0.07047892,  0.249645  ,
        0.24215073,  0.38047978])",0.20353947570447034,0.2268648131792103,7df33,37_92_
149,"     fun: 0.20069772854356824
     jac: array([ 9.86559317e-04,  1.78358145e-03,  3.73255461e-05,  1.79449096e-04,
       -1.79462135e-04, -6.16647303e-05,  6.02239743e-04])
 message: 'Optimization terminated successfully'
    nfev: 181
     nit: 22
    njev: 22
  status: 0
 success: True
       x: array([ 1.89350039, -0.62357395,  0.47171026, -0.09352773,  0.23944701,
        0.23173587,  0.36314737])",0.20069772854356824,0.26296235722404865,7df33,101_92_
150,"     fun: 0.20833800274417574
     jac: array([ 0.00150094,  0.00273469, -0.00318951,  0.00098343, -0.00189378,
       -0.00148289,  0.00274242])
 message: 'Optimization terminated successfully'
    nfev: 355
     nit: 43
    njev: 43
  status: 0
 success: True
       x: array([ 1.97730831, -0.7316182 ,  0.45954801, -0.09214387,  0.25325578,
        0.21843859,  0.39829099])",0.20833800274417574,0.10366923607150302,7df33,37_57_
151,"     fun: 0.19390183242626682
     jac: array([-0.00099654, -0.00176251,  0.00658039,  0.00063596,  0.00574999,
        0.00314021, -0.01388373])
 message: 'Optimization terminated successfully'
    nfev: 870
     nit: 105
    njev: 105
  status: 0
 success: True
       x: array([ 3.66534245, -1.        ,  0.4411453 ,  0.03437046,  0.39076725,
        0.20868265,  0.24929354])",0.19390183242626682,0.5559017907998172,7df33,5_41_
152,"     fun: 0.20517321229370453
     jac: array([-0.00042539, -0.00035112,  0.00069148, -0.00014015,  0.00047264,
        0.00032629, -0.0006165 ])
 message: 'Optimization terminated successfully'
    nfev: 467
     nit: 57
    njev: 57
  status: 0
 success: True
       x: array([ 2.07719169, -1.        ,  0.44803446, -0.0873111 ,  0.23301037,
        0.2186528 ,  0.54825893])",0.20517321229370453,0.18614537324397762,7df33,37_64_
153,"     fun: 0.1990877534789905
     jac: array([-0.00037281, -0.00035006,  0.00144666,  0.00021636,  0.00080052,
        0.00025551, -0.00096287])
 message: 'Optimization terminated successfully'
    nfev: 321
     nit: 39
    njev: 39
  status: 0
 success: True
       x: array([ 1.5376825 , -0.55910299,  0.42189294, -0.08384455,  0.22055522,
        0.18974006,  0.42722403])",0.1990877534789905,0.29749433045477075,7df33,92_64_
154,"     fun: 0.19408105462584688
     jac: array([-3.58294696e-04, -2.07461417e-05,  8.02028924e-04,  5.26271760e-05,
        3.15537676e-04,  2.27941200e-04, -5.94114885e-04])
 message: 'Optimization terminated successfully'
    nfev: 452
     nit: 55
    njev: 55
  status: 0
 success: True
       x: array([ 2.11088717, -1.        ,  0.44042088, -0.11766165,  0.26013627,
        0.18464737,  0.53403786])",0.19408105462584688,0.3468264886412338,7df33,37_101_
155,"     fun: 0.2015001993076279
     jac: array([-1.91617757e-04,  1.22290105e-04,  6.73143193e-04,  7.94641674e-05,
        4.06969339e-04,  2.06273049e-04, -2.99163163e-04])
 message: 'Optimization terminated successfully'
    nfev: 484
     nit: 59
    njev: 59
  status: 0
 success: True
       x: array([ 2.10888693, -1.        ,  0.46329671, -0.10277805,  0.23325544,
        0.21474967,  0.53580392])",0.2015001993076279,0.2413668221498994,7df33,92_57_
156,"     fun: 0.20343937600715523
     jac: array([-0.00089645, -0.00077255,  0.00163791, -0.00055403,  0.0009052 ,
        0.00075508, -0.00119676])
 message: 'Optimization terminated successfully'
    nfev: 547
     nit: 67
    njev: 67
  status: 0
 success: True
       x: array([ 2.07048517, -1.        ,  0.45450932, -0.14765907,  0.22387893,
        0.19139063,  0.56381339])",0.20343937600715523,0.2267287148409197,7df33,37_41_
157,"     fun: 0.20699210254520314
     jac: array([ 4.80286777e-04,  8.57103616e-04,  5.53235412e-04,  5.64064831e-05,
        4.00220975e-04,  2.24441290e-04, -1.89790502e-04])
 message: 'Optimization terminated successfully'
    nfev: 175
     nit: 21
    njev: 21
  status: 0
 success: True
       x: array([ 2.27906993, -0.8469762 ,  0.47902949, -0.05931407,  0.24434832,
        0.23331615,  0.38192082])",0.20699210254520314,0.169656118068035,7df33,5_64_
158,"     fun: 0.18744354271498073
     jac: array([-3.02525237e-04,  1.16432086e-04,  4.39761207e-04, -1.31875277e-06,
        2.18015164e-04,  3.40418890e-04, -4.02955338e-04])
 message: 'Optimization terminated successfully'
    nfev: 458
     nit: 56
    njev: 56
  status: 0
 success: True
       x: array([ 2.06193849, -1.        ,  0.47950527, -0.18936542,  0.22975603,
        0.18532773,  0.58414944])",0.18744354271498073,0.41876715071132287,7df33,101_64_
159,"     fun: 0.20484435806898824
     jac: array([ 0.00158212,  0.00283238, -0.00290499,  0.00124196, -0.00055383,
       -0.00101076,  0.00253757])
 message: 'Optimization terminated successfully'
    nfev: 338
     nit: 41
    njev: 41
  status: 0
 success: True
       x: array([ 2.06487486, -0.85827301,  0.46319697, -0.09410784,  0.25175388,
        0.21396284,  0.4488124 ])",0.20484435806898824,0.1872935699361167,7df33,64_41_
